--------------------------------------------------------
--  Datei erstellt -Freitag-Januar-03-2014   
--------------------------------------------------------
DROP TABLE "DBLAB13"."ANGESTELLTE" cascade constraints;
DROP TABLE "DBLAB13"."SCHAECHTE" cascade constraints;
DROP TABLE "DBLAB13"."ZEIT" cascade constraints;
DROP TABLE "DBLAB13"."ZULASSUNG" cascade constraints;
DROP SEQUENCE "DBLAB13"."PK_ANGESTELLTE";
DROP SEQUENCE "DBLAB13"."PK_SCHAECHTE";
DROP SEQUENCE "DBLAB13"."PK_ZEIT";
DROP SEQUENCE "DBLAB13"."PK_ZULASSUNG";
--------------------------------------------------------
--  DDL for Sequence PK_ANGESTELLTE
--------------------------------------------------------

   CREATE SEQUENCE  "DBLAB13"."PK_ANGESTELLTE"  MINVALUE 1 MAXVALUE 9999999999999999999999999999 INCREMENT BY 20 START WITH 431 CACHE 20 ORDER  CYCLE ;
--------------------------------------------------------
--  DDL for Sequence PK_SCHAECHTE
--------------------------------------------------------

   CREATE SEQUENCE  "DBLAB13"."PK_SCHAECHTE"  MINVALUE 1 MAXVALUE 9999999999999999999999999999 INCREMENT BY 20 START WITH 400 NOCACHE  NOORDER  NOCYCLE ;
--------------------------------------------------------
--  DDL for Sequence PK_ZEIT
--------------------------------------------------------

   CREATE SEQUENCE  "DBLAB13"."PK_ZEIT"  MINVALUE 1 MAXVALUE 9999999999999999999999999999 INCREMENT BY 20 START WITH 323 NOCACHE  NOORDER  NOCYCLE ;
--------------------------------------------------------
--  DDL for Sequence PK_ZULASSUNG
--------------------------------------------------------

   CREATE SEQUENCE  "DBLAB13"."PK_ZULASSUNG"  MINVALUE 1 MAXVALUE 9999999999999999999999999999 INCREMENT BY 20 START WITH 20 NOCACHE  NOORDER  NOCYCLE ;
--------------------------------------------------------
--  DDL for Table ANGESTELLTE
--------------------------------------------------------

  CREATE TABLE "DBLAB13"."ANGESTELLTE" 
   (	"ENTLASSENE" NUMBER(1,0), 
	"GEBURTSDATUM" DATE, 
	"GEHALT" NUMBER(*,0), 
	"ID" NUMBER(*,0), 
	"NACHNAME" VARCHAR2(45 BYTE), 
	"NAME" VARCHAR2(45 BYTE), 
	"STELLE" VARCHAR2(45 BYTE)
   ) SEGMENT CREATION IMMEDIATE 
  PCTFREE 10 PCTUSED 40 INITRANS 1 MAXTRANS 255 NOCOMPRESS LOGGING
  STORAGE(INITIAL 65536 NEXT 1048576 MINEXTENTS 1 MAXEXTENTS 2147483645
  PCTINCREASE 0 FREELISTS 1 FREELIST GROUPS 1 BUFFER_POOL DEFAULT FLASH_CACHE DEFAULT CELL_FLASH_CACHE DEFAULT)
  TABLESPACE "USERS" ;
--------------------------------------------------------
--  DDL for Table SCHAECHTE
--------------------------------------------------------

  CREATE TABLE "DBLAB13"."SCHAECHTE" 
   (	"GESCHLOSSEN" NUMBER(*,0), 
	"ID" NUMBER(*,0), 
	"LEITER_ID" NUMBER(*,0), 
	"NAME" VARCHAR2(4000 BYTE), 
	"TIEF" NUMBER(*,0)
   ) SEGMENT CREATION IMMEDIATE 
  PCTFREE 10 PCTUSED 40 INITRANS 1 MAXTRANS 255 NOCOMPRESS LOGGING
  STORAGE(INITIAL 65536 NEXT 1048576 MINEXTENTS 1 MAXEXTENTS 2147483645
  PCTINCREASE 0 FREELISTS 1 FREELIST GROUPS 1 BUFFER_POOL DEFAULT FLASH_CACHE DEFAULT CELL_FLASH_CACHE DEFAULT)
  TABLESPACE "USERS" ;
--------------------------------------------------------
--  DDL for Table ZEIT
--------------------------------------------------------

  CREATE TABLE "DBLAB13"."ZEIT" 
   (	"ANGESTELLTER_ID" NUMBER(*,0), 
	"SCHAECHTE_ID" NUMBER(*,0), 
	"ZEIT_AUSGANG" TIMESTAMP (6), 
	"ZEIT_EINGANG" TIMESTAMP (6), 
	"ID" NUMBER
   ) SEGMENT CREATION IMMEDIATE 
  PCTFREE 10 PCTUSED 40 INITRANS 1 MAXTRANS 255 NOCOMPRESS LOGGING
  STORAGE(INITIAL 65536 NEXT 1048576 MINEXTENTS 1 MAXEXTENTS 2147483645
  PCTINCREASE 0 FREELISTS 1 FREELIST GROUPS 1 BUFFER_POOL DEFAULT FLASH_CACHE DEFAULT CELL_FLASH_CACHE DEFAULT)
  TABLESPACE "USERS" ;
--------------------------------------------------------
--  DDL for Table ZULASSUNG
--------------------------------------------------------

  CREATE TABLE "DBLAB13"."ZULASSUNG" 
   (	"ANGESTELLTE_ID" NUMBER(*,0), 
	"SCHAECHTE_ID" NUMBER(*,0)
   ) SEGMENT CREATION IMMEDIATE 
  PCTFREE 10 PCTUSED 40 INITRANS 1 MAXTRANS 255 NOCOMPRESS LOGGING
  STORAGE(INITIAL 65536 NEXT 1048576 MINEXTENTS 1 MAXEXTENTS 2147483645
  PCTINCREASE 0 FREELISTS 1 FREELIST GROUPS 1 BUFFER_POOL DEFAULT FLASH_CACHE DEFAULT CELL_FLASH_CACHE DEFAULT)
  TABLESPACE "USERS" ;
REM INSERTING into DBLAB13.ANGESTELLTE
SET DEFINE OFF;
Insert into DBLAB13.ANGESTELLTE (ENTLASSENE,GEBURTSDATUM,GEHALT,ID,NACHNAME,NAME,STELLE) values ('0',to_date('04.09.1991','DD.MM.YYYY'),'4200','2','Ostrovskaya','Anna','Bergarbeiter');
Insert into DBLAB13.ANGESTELLTE (ENTLASSENE,GEBURTSDATUM,GEHALT,ID,NACHNAME,NAME,STELLE) values ('0',to_date('27.02.1975','DD.MM.YYYY'),'1200','3','Mueller','Sascha','Hilfsarbeiter');
Insert into DBLAB13.ANGESTELLTE (ENTLASSENE,GEBURTSDATUM,GEHALT,ID,NACHNAME,NAME,STELLE) values ('0',to_date('26.02.1975','DD.MM.YYYY'),'5200','4','Sidorov','Kostja','Ingenieur');
Insert into DBLAB13.ANGESTELLTE (ENTLASSENE,GEBURTSDATUM,GEHALT,ID,NACHNAME,NAME,STELLE) values ('0',to_date('19.03.1986','DD.MM.YYYY'),'4200','1','Nikolaev','Andrej','Bergarbeiter');
Insert into DBLAB13.ANGESTELLTE (ENTLASSENE,GEBURTSDATUM,GEHALT,ID,NACHNAME,NAME,STELLE) values ('1',to_date('25.02.1975','DD.MM.YYYY'),'9999','5','Muenchhausen','Hieronymus Carl','Freiherr');
Insert into DBLAB13.ANGESTELLTE (ENTLASSENE,GEBURTSDATUM,GEHALT,ID,NACHNAME,NAME,STELLE) values ('0',to_date('24.02.1975','DD.MM.YYYY'),'5200','6','Schulz','Siegfried','Minenarbeiter');
Insert into DBLAB13.ANGESTELLTE (ENTLASSENE,GEBURTSDATUM,GEHALT,ID,NACHNAME,NAME,STELLE) values ('0',to_date('23.02.1975','DD.MM.YYYY'),'3200','7','Doernberg','Gustav','Anschläger');
Insert into DBLAB13.ANGESTELLTE (ENTLASSENE,GEBURTSDATUM,GEHALT,ID,NACHNAME,NAME,STELLE) values ('0',to_date('28.02.1974','DD.MM.YYYY'),'2200','8','Brenn','Hans','Anzünder');
Insert into DBLAB13.ANGESTELLTE (ENTLASSENE,GEBURTSDATUM,GEHALT,ID,NACHNAME,NAME,STELLE) values ('0',to_date('28.02.1973','DD.MM.YYYY'),'1200','9','Ivanova','Sveta','Hilfsarbeiter');
Insert into DBLAB13.ANGESTELLTE (ENTLASSENE,GEBURTSDATUM,GEHALT,ID,NACHNAME,NAME,STELLE) values ('0',to_date('28.02.1972','DD.MM.YYYY'),'5200','10','Romaschkova','Sveta','Ingenieur');
Insert into DBLAB13.ANGESTELLTE (ENTLASSENE,GEBURTSDATUM,GEHALT,ID,NACHNAME,NAME,STELLE) values ('0',to_date('28.02.1971','DD.MM.YYYY'),'5200','11','Ivanova','Dascha','Minenarbeiter');
Insert into DBLAB13.ANGESTELLTE (ENTLASSENE,GEBURTSDATUM,GEHALT,ID,NACHNAME,NAME,STELLE) values ('0',to_date('28.02.1985','DD.MM.YYYY'),'3200','12','Ivanov','Sergej','Anschläger');
Insert into DBLAB13.ANGESTELLTE (ENTLASSENE,GEBURTSDATUM,GEHALT,ID,NACHNAME,NAME,STELLE) values ('0',to_date('28.02.1995','DD.MM.YYYY'),'2200','13','Paviaschvili','Soso','Anzünder');
Insert into DBLAB13.ANGESTELLTE (ENTLASSENE,GEBURTSDATUM,GEHALT,ID,NACHNAME,NAME,STELLE) values ('0',to_date('28.02.1984','DD.MM.YYYY'),'1200','14','Petrov','Sidor','Hilfsarbeiter');
Insert into DBLAB13.ANGESTELLTE (ENTLASSENE,GEBURTSDATUM,GEHALT,ID,NACHNAME,NAME,STELLE) values ('0',to_date('15.07.1983','DD.MM.YYYY'),'5200','15','Zloj','Viktor','Ingenieur');
Insert into DBLAB13.ANGESTELLTE (ENTLASSENE,GEBURTSDATUM,GEHALT,ID,NACHNAME,NAME,STELLE) values ('0',to_date('15.07.1982','DD.MM.YYYY'),'6200','16','Sestra','Jenja','Ingenieur');
Insert into DBLAB13.ANGESTELLTE (ENTLASSENE,GEBURTSDATUM,GEHALT,ID,NACHNAME,NAME,STELLE) values ('1',to_date('15.07.1981','DD.MM.YYYY'),'7200','17','Sestra','Evgenija','Ingenieur');
Insert into DBLAB13.ANGESTELLTE (ENTLASSENE,GEBURTSDATUM,GEHALT,ID,NACHNAME,NAME,STELLE) values ('0',to_date('15.07.1980','DD.MM.YYYY'),'8200','18','Stilaga','Alex','Ingenieur');
Insert into DBLAB13.ANGESTELLTE (ENTLASSENE,GEBURTSDATUM,GEHALT,ID,NACHNAME,NAME,STELLE) values ('1',to_date('15.05.1987','DD.MM.YYYY'),'9200','19','Ivanovich','Bezdar','Ingenieur');
Insert into DBLAB13.ANGESTELLTE (ENTLASSENE,GEBURTSDATUM,GEHALT,ID,NACHNAME,NAME,STELLE) values ('0',to_date('25.07.1988','DD.MM.YYYY'),'1300','20','Ivanovich','Pozor','Ingenieur');
Insert into DBLAB13.ANGESTELLTE (ENTLASSENE,GEBURTSDATUM,GEHALT,ID,NACHNAME,NAME,STELLE) values ('0',to_date('15.06.1989','DD.MM.YYYY'),'2300','21','Vor','Trus','Ingenieur');
Insert into DBLAB13.ANGESTELLTE (ENTLASSENE,GEBURTSDATUM,GEHALT,ID,NACHNAME,NAME,STELLE) values ('0',to_date('19.07.1983','DD.MM.YYYY'),'3300','22','Vor','Balbes','Ingenieur');
Insert into DBLAB13.ANGESTELLTE (ENTLASSENE,GEBURTSDATUM,GEHALT,ID,NACHNAME,NAME,STELLE) values ('0',to_date('15.07.1989','DD.MM.YYYY'),'4300','23','Vor','Bivalij','Ingenieur');
Insert into DBLAB13.ANGESTELLTE (ENTLASSENE,GEBURTSDATUM,GEHALT,ID,NACHNAME,NAME,STELLE) values ('0',to_date('15.01.1989','DD.MM.YYYY'),'5300','24','Vaio','Sony','Ingenieur');
Insert into DBLAB13.ANGESTELLTE (ENTLASSENE,GEBURTSDATUM,GEHALT,ID,NACHNAME,NAME,STELLE) values ('0',to_date('15.04.1988','DD.MM.YYYY'),'6300','25','Android','Samsung','Ingenieur');
Insert into DBLAB13.ANGESTELLTE (ENTLASSENE,GEBURTSDATUM,GEHALT,ID,NACHNAME,NAME,STELLE) values ('0',to_date('05.05.1987','DD.MM.YYYY'),'7300','26','Satelit','Toshiba','Ingenieur');
Insert into DBLAB13.ANGESTELLTE (ENTLASSENE,GEBURTSDATUM,GEHALT,ID,NACHNAME,NAME,STELLE) values ('0',to_date('13.06.1986','DD.MM.YYYY'),'3200','27','Kipfmüller','Günter','Anschläger');
Insert into DBLAB13.ANGESTELLTE (ENTLASSENE,GEBURTSDATUM,GEHALT,ID,NACHNAME,NAME,STELLE) values ('1',to_date('15.03.1983','DD.MM.YYYY'),'2200','28','Korte','Maria','Anzünder');
Insert into DBLAB13.ANGESTELLTE (ENTLASSENE,GEBURTSDATUM,GEHALT,ID,NACHNAME,NAME,STELLE) values ('0',to_date('18.09.1993','DD.MM.YYYY'),'1200','29','Sandmeier','Silvia','Hilfsarbeiter');
Insert into DBLAB13.ANGESTELLTE (ENTLASSENE,GEBURTSDATUM,GEHALT,ID,NACHNAME,NAME,STELLE) values ('0',to_date('18.09.1992','DD.MM.YYYY'),'5200','30','Sommer','Anja','Ingenieur');
Insert into DBLAB13.ANGESTELLTE (ENTLASSENE,GEBURTSDATUM,GEHALT,ID,NACHNAME,NAME,STELLE) values ('0',to_date('18.10.1993','DD.MM.YYYY'),'4200','31','Dom','Kölner','Bergarbeiter');
Insert into DBLAB13.ANGESTELLTE (ENTLASSENE,GEBURTSDATUM,GEHALT,ID,NACHNAME,NAME,STELLE) values ('0',to_date('14.11.1993','DD.MM.YYYY'),'4200','32','Spargel','Silvia','Bergarbeiter');
Insert into DBLAB13.ANGESTELLTE (ENTLASSENE,GEBURTSDATUM,GEHALT,ID,NACHNAME,NAME,STELLE) values ('0',to_date('28.12.1993','DD.MM.YYYY'),'1200','33','Karwat','Katherina','Hilfsarbeiter');
Insert into DBLAB13.ANGESTELLTE (ENTLASSENE,GEBURTSDATUM,GEHALT,ID,NACHNAME,NAME,STELLE) values ('0',to_date('21.09.1992','DD.MM.YYYY'),'5200','34','Waldbrecht','Bettina','Ingenieur');
Insert into DBLAB13.ANGESTELLTE (ENTLASSENE,GEBURTSDATUM,GEHALT,ID,NACHNAME,NAME,STELLE) values ('0',to_date('22.09.1992','DD.MM.YYYY'),'4600','35','Grimm','Genzel','Minenarbeiter');
Insert into DBLAB13.ANGESTELLTE (ENTLASSENE,GEBURTSDATUM,GEHALT,ID,NACHNAME,NAME,STELLE) values ('0',to_date('24.10.1992','DD.MM.YYYY'),'5200','36','Grimm','Gretel','Minenarbeiter');
Insert into DBLAB13.ANGESTELLTE (ENTLASSENE,GEBURTSDATUM,GEHALT,ID,NACHNAME,NAME,STELLE) values ('0',to_date('18.02.1993','DD.MM.YYYY'),'3200','37','Forel','Okyn','Anschläger');
Insert into DBLAB13.ANGESTELLTE (ENTLASSENE,GEBURTSDATUM,GEHALT,ID,NACHNAME,NAME,STELLE) values ('0',to_date('11.01.1993','DD.MM.YYYY'),'2200','38','Japona','Satoshi','Anzünder');
Insert into DBLAB13.ANGESTELLTE (ENTLASSENE,GEBURTSDATUM,GEHALT,ID,NACHNAME,NAME,STELLE) values ('0',to_date('12.04.1993','DD.MM.YYYY'),'1200','39','Japona','Tomoko','Hilfsarbeiter');
Insert into DBLAB13.ANGESTELLTE (ENTLASSENE,GEBURTSDATUM,GEHALT,ID,NACHNAME,NAME,STELLE) values ('0',to_date('13.05.1993','DD.MM.YYYY'),'5200','40','Fomicheva','Sveta','Ingenieur');
Insert into DBLAB13.ANGESTELLTE (ENTLASSENE,GEBURTSDATUM,GEHALT,ID,NACHNAME,NAME,STELLE) values ('0',to_date('18.09.1992','DD.MM.YYYY'),'4200','41','Dura','Dezdroperma','Bergarbeiter');
Insert into DBLAB13.ANGESTELLTE (ENTLASSENE,GEBURTSDATUM,GEHALT,ID,NACHNAME,NAME,STELLE) values ('0',to_date('08.01.1992','DD.MM.YYYY'),'4200','42','Volnij','Söma','Bergarbeiter');
Insert into DBLAB13.ANGESTELLTE (ENTLASSENE,GEBURTSDATUM,GEHALT,ID,NACHNAME,NAME,STELLE) values ('0',to_date('09.02.1992','DD.MM.YYYY'),'1200','43','Männlich','Valja','Hilfsarbeiter');
Insert into DBLAB13.ANGESTELLTE (ENTLASSENE,GEBURTSDATUM,GEHALT,ID,NACHNAME,NAME,STELLE) values ('0',to_date('20.03.1992','DD.MM.YYYY'),'5200','44','Weiblich','Valja','Ingenieur');
Insert into DBLAB13.ANGESTELLTE (ENTLASSENE,GEBURTSDATUM,GEHALT,ID,NACHNAME,NAME,STELLE) values ('1',to_date('19.04.1992','DD.MM.YYYY'),'9999','45','D Ark','Jeanna','die Jungfrau von Orléans');
Insert into DBLAB13.ANGESTELLTE (ENTLASSENE,GEBURTSDATUM,GEHALT,ID,NACHNAME,NAME,STELLE) values ('0',to_date('17.05.1992','DD.MM.YYYY'),'5200','46','Bach','Wolwgang','Minenarbeiter');
Insert into DBLAB13.ANGESTELLTE (ENTLASSENE,GEBURTSDATUM,GEHALT,ID,NACHNAME,NAME,STELLE) values ('0',to_date('21.06.1992','DD.MM.YYYY'),'3200','47','Laptop','Mein','Anschläger');
Insert into DBLAB13.ANGESTELLTE (ENTLASSENE,GEBURTSDATUM,GEHALT,ID,NACHNAME,NAME,STELLE) values ('0',to_date('23.07.1992','DD.MM.YYYY'),'2200','48','Nachname','Vorname','Anzünder');
Insert into DBLAB13.ANGESTELLTE (ENTLASSENE,GEBURTSDATUM,GEHALT,ID,NACHNAME,NAME,STELLE) values ('0',to_date('29.08.1992','DD.MM.YYYY'),'1200','49','Dev','Nanak','Hilfsarbeiter');
Insert into DBLAB13.ANGESTELLTE (ENTLASSENE,GEBURTSDATUM,GEHALT,ID,NACHNAME,NAME,STELLE) values ('1',to_date('30.10.1992','DD.MM.YYYY'),'5200','50','Dev','Nanak','Ingenieur');
Insert into DBLAB13.ANGESTELLTE (ENTLASSENE,GEBURTSDATUM,GEHALT,ID,NACHNAME,NAME,STELLE) values ('0',to_date('18.09.1991','DD.MM.YYYY'),'4200','51','Luchistoje','Solnischko','Bergarbeiter');
Insert into DBLAB13.ANGESTELLTE (ENTLASSENE,GEBURTSDATUM,GEHALT,ID,NACHNAME,NAME,STELLE) values ('0',to_date('08.02.1991','DD.MM.YYYY'),'4200','52','Veselo','Ylibnulos','Bergarbeiter');
Insert into DBLAB13.ANGESTELLTE (ENTLASSENE,GEBURTSDATUM,GEHALT,ID,NACHNAME,NAME,STELLE) values ('0',to_date('31.01.1991','DD.MM.YYYY'),'1200','53','Skoreshom','Potomushto','Hilfsarbeiter');
Insert into DBLAB13.ANGESTELLTE (ENTLASSENE,GEBURTSDATUM,GEHALT,ID,NACHNAME,NAME,STELLE) values ('0',to_date('14.03.1991','DD.MM.YYYY'),'5200','54','Pesenky','Mizapeli','Ingenieur');
Insert into DBLAB13.ANGESTELLTE (ENTLASSENE,GEBURTSDATUM,GEHALT,ID,NACHNAME,NAME,STELLE) values ('1',to_date('28.04.1991','DD.MM.YYYY'),'9999','55','der Größe','Karl','König');
Insert into DBLAB13.ANGESTELLTE (ENTLASSENE,GEBURTSDATUM,GEHALT,ID,NACHNAME,NAME,STELLE) values ('0',to_date('27.05.1991','DD.MM.YYYY'),'5200','56','Lalala','Lalalala','Minenarbeiter');
Insert into DBLAB13.ANGESTELLTE (ENTLASSENE,GEBURTSDATUM,GEHALT,ID,NACHNAME,NAME,STELLE) values ('0',to_date('05.06.1991','DD.MM.YYYY'),'3200','57','Zoj','Viktor','Anschläger');
Insert into DBLAB13.ANGESTELLTE (ENTLASSENE,GEBURTSDATUM,GEHALT,ID,NACHNAME,NAME,STELLE) values ('0',to_date('26.07.1991','DD.MM.YYYY'),'2200','58','Wyssozkij','Wladimir','Anzünder');
Insert into DBLAB13.ANGESTELLTE (ENTLASSENE,GEBURTSDATUM,GEHALT,ID,NACHNAME,NAME,STELLE) values ('0',to_date('17.08.1991','DD.MM.YYYY'),'1200','59','Gyrova','Olga','Hilfsarbeiter');
Insert into DBLAB13.ANGESTELLTE (ENTLASSENE,GEBURTSDATUM,GEHALT,ID,NACHNAME,NAME,STELLE) values ('0',to_date('23.10.1991','DD.MM.YYYY'),'5200','60','Gromiko','Tanja','Ingenieur');
Insert into DBLAB13.ANGESTELLTE (ENTLASSENE,GEBURTSDATUM,GEHALT,ID,NACHNAME,NAME,STELLE) values ('0',to_date('20.11.1991','DD.MM.YYYY'),'5200','61','Üschenko','Wiktor','Minenarbeiter');
Insert into DBLAB13.ANGESTELLTE (ENTLASSENE,GEBURTSDATUM,GEHALT,ID,NACHNAME,NAME,STELLE) values ('0',to_date('21.12.1991','DD.MM.YYYY'),'3200','62','Timoschenko','Jülija','Anschläger');
Insert into DBLAB13.ANGESTELLTE (ENTLASSENE,GEBURTSDATUM,GEHALT,ID,NACHNAME,NAME,STELLE) values ('0',to_date('01.01.1990','DD.MM.YYYY'),'2200','63','Volja','Pavel','Anzünder');
Insert into DBLAB13.ANGESTELLTE (ENTLASSENE,GEBURTSDATUM,GEHALT,ID,NACHNAME,NAME,STELLE) values ('0',to_date('02.02.1990','DD.MM.YYYY'),'1200','64','Karman','Kseni','Hilfsarbeiter');
Insert into DBLAB13.ANGESTELLTE (ENTLASSENE,GEBURTSDATUM,GEHALT,ID,NACHNAME,NAME,STELLE) values ('0',to_date('03.03.1990','DD.MM.YYYY'),'5200','65','Steni','Kwartira','Ingenieur');
Insert into DBLAB13.ANGESTELLTE (ENTLASSENE,GEBURTSDATUM,GEHALT,ID,NACHNAME,NAME,STELLE) values ('0',to_date('04.04.1990','DD.MM.YYYY'),'6200','66','Prinzessa','Zolyschka','Ingenieur');
Insert into DBLAB13.ANGESTELLTE (ENTLASSENE,GEBURTSDATUM,GEHALT,ID,NACHNAME,NAME,STELLE) values ('1',to_date('05.05.1990','DD.MM.YYYY'),'7200','67','Zlaja','Machecha','Ingenieur');
Insert into DBLAB13.ANGESTELLTE (ENTLASSENE,GEBURTSDATUM,GEHALT,ID,NACHNAME,NAME,STELLE) values ('0',to_date('06.06.1990','DD.MM.YYYY'),'8200','68','Ozero','Bajkal','Ingenieur');
Insert into DBLAB13.ANGESTELLTE (ENTLASSENE,GEBURTSDATUM,GEHALT,ID,NACHNAME,NAME,STELLE) values ('0',to_date('07.07.1990','DD.MM.YYYY'),'9200','69','Dannich','Basa','Ingenieur');
Insert into DBLAB13.ANGESTELLTE (ENTLASSENE,GEBURTSDATUM,GEHALT,ID,NACHNAME,NAME,STELLE) values ('0',to_date('08.08.1990','DD.MM.YYYY'),'1300','70','Eto','Nadoelo','Ingenieur');
Insert into DBLAB13.ANGESTELLTE (ENTLASSENE,GEBURTSDATUM,GEHALT,ID,NACHNAME,NAME,STELLE) values ('0',to_date('19.03.1986','DD.MM.YYYY'),'4200','80','Nikolaev','Andrej','Bergarbeiter');
Insert into DBLAB13.ANGESTELLTE (ENTLASSENE,GEBURTSDATUM,GEHALT,ID,NACHNAME,NAME,STELLE) values ('1',to_date('09.09.1990','DD.MM.YYYY'),'1200','99','Arbeiter','Vorletzte','Hilfsarbeiter');
Insert into DBLAB13.ANGESTELLTE (ENTLASSENE,GEBURTSDATUM,GEHALT,ID,NACHNAME,NAME,STELLE) values ('1',to_date('10.10.1990','DD.MM.YYYY'),'5200','100','Angestellter','Letzte','Ingenieur');
Insert into DBLAB13.ANGESTELLTE (ENTLASSENE,GEBURTSDATUM,GEHALT,ID,NACHNAME,NAME,STELLE) values ('1',to_date('20.12.2007','DD.MM.YYYY'),'10000','780','Dura','Anna','SuperStelle');
REM INSERTING into DBLAB13.SCHAECHTE
SET DEFINE OFF;
Insert into DBLAB13.SCHAECHTE (GESCHLOSSEN,ID,LEITER_ID,NAME,TIEF) values ('0','243','18','Zollverein','130');
Insert into DBLAB13.SCHAECHTE (GESCHLOSSEN,ID,LEITER_ID,NAME,TIEF) values ('0','244','780','Bonifacius','300');
Insert into DBLAB13.SCHAECHTE (GESCHLOSSEN,ID,LEITER_ID,NAME,TIEF) values ('0','245',null,'Nordstern','123');
Insert into DBLAB13.SCHAECHTE (GESCHLOSSEN,ID,LEITER_ID,NAME,TIEF) values ('0','246','40','Osterfeld','500');
Insert into DBLAB13.SCHAECHTE (GESCHLOSSEN,ID,LEITER_ID,NAME,TIEF) values ('0','247','20','Sterkrade','220');
Insert into DBLAB13.SCHAECHTE (GESCHLOSSEN,ID,LEITER_ID,NAME,TIEF) values ('0','248','30','Halde Haniel','159');
Insert into DBLAB13.SCHAECHTE (GESCHLOSSEN,ID,LEITER_ID,NAME,TIEF) values ('0','249',null,'Kohleminen von Ronchamp','110');
Insert into DBLAB13.SCHAECHTE (GESCHLOSSEN,ID,LEITER_ID,NAME,TIEF) values ('0','250',null,'Staatsmijn Beatrix','90');
Insert into DBLAB13.SCHAECHTE (GESCHLOSSEN,ID,LEITER_ID,NAME,TIEF) values ('0','251',null,'Guimarota','250');
Insert into DBLAB13.SCHAECHTE (GESCHLOSSEN,ID,LEITER_ID,NAME,TIEF) values ('0','252','50','Salzbergwerk Turda','400');
Insert into DBLAB13.SCHAECHTE (GESCHLOSSEN,ID,LEITER_ID,NAME,TIEF) values ('0','253','66','Mine Dannemora','330');
Insert into DBLAB13.SCHAECHTE (GESCHLOSSEN,ID,LEITER_ID,NAME,TIEF) values ('0','254','47','Boulby Mine','500');
Insert into DBLAB13.SCHAECHTE (GESCHLOSSEN,ID,LEITER_ID,NAME,TIEF) values ('0','255','38','Janina','380');
Insert into DBLAB13.SCHAECHTE (GESCHLOSSEN,ID,LEITER_ID,NAME,TIEF) values ('0','256','34','Kimberley Mine','215');
Insert into DBLAB13.SCHAECHTE (GESCHLOSSEN,ID,LEITER_ID,NAME,TIEF) values ('0','1','1','Duhamelschacht','1900');
Insert into DBLAB13.SCHAECHTE (GESCHLOSSEN,ID,LEITER_ID,NAME,TIEF) values ('0','2','14','Neyschacht','980');
Insert into DBLAB13.SCHAECHTE (GESCHLOSSEN,ID,LEITER_ID,NAME,TIEF) values ('0','3','6','Nordschacht','1658');
Insert into DBLAB13.SCHAECHTE (GESCHLOSSEN,ID,LEITER_ID,NAME,TIEF) values ('0','4','13','Südschacht','1230');
Insert into DBLAB13.SCHAECHTE (GESCHLOSSEN,ID,LEITER_ID,NAME,TIEF) values ('1','5',null,'Schacht Primsmulde','2300');
Insert into DBLAB13.SCHAECHTE (GESCHLOSSEN,ID,LEITER_ID,NAME,TIEF) values ('0','6','12','Düsseldorf westlicher Schacht','2400');
REM INSERTING into DBLAB13.ZEIT
SET DEFINE OFF;
Insert into DBLAB13.ZEIT (ANGESTELLTER_ID,SCHAECHTE_ID,ZEIT_AUSGANG,ZEIT_EINGANG,ID) values ('2','243',null,to_timestamp('03.01.2014 22:33:25','DD.MM.YYYY HH24:MI:SS'),'303');
Insert into DBLAB13.ZEIT (ANGESTELLTER_ID,SCHAECHTE_ID,ZEIT_AUSGANG,ZEIT_EINGANG,ID) values ('11','243',null,to_timestamp('03.01.2014 22:33:26','DD.MM.YYYY HH24:MI:SS'),'304');
Insert into DBLAB13.ZEIT (ANGESTELLTER_ID,SCHAECHTE_ID,ZEIT_AUSGANG,ZEIT_EINGANG,ID) values ('3','244',to_timestamp('03.01.2014 22:16:42','DD.MM.YYYY HH24:MI:SS'),to_timestamp('03.01.2014 22:16:39','DD.MM.YYYY HH24:MI:SS'),'283');
Insert into DBLAB13.ZEIT (ANGESTELLTER_ID,SCHAECHTE_ID,ZEIT_AUSGANG,ZEIT_EINGANG,ID) values ('2','244',to_timestamp('03.01.2014 22:16:46','DD.MM.YYYY HH24:MI:SS'),to_timestamp('03.01.2014 22:16:43','DD.MM.YYYY HH24:MI:SS'),'284');
Insert into DBLAB13.ZEIT (ANGESTELLTER_ID,SCHAECHTE_ID,ZEIT_AUSGANG,ZEIT_EINGANG,ID) values ('2','244',to_timestamp('03.01.2014 22:16:48','DD.MM.YYYY HH24:MI:SS'),to_timestamp('03.01.2014 22:16:48','DD.MM.YYYY HH24:MI:SS'),'285');
Insert into DBLAB13.ZEIT (ANGESTELLTER_ID,SCHAECHTE_ID,ZEIT_AUSGANG,ZEIT_EINGANG,ID) values ('3','244',to_timestamp('03.01.2014 22:15:55','DD.MM.YYYY HH24:MI:SS'),to_timestamp('03.01.2014 22:15:53','DD.MM.YYYY HH24:MI:SS'),'263');
Insert into DBLAB13.ZEIT (ANGESTELLTER_ID,SCHAECHTE_ID,ZEIT_AUSGANG,ZEIT_EINGANG,ID) values ('3','245',null,to_timestamp('03.01.2014 22:16:59','DD.MM.YYYY HH24:MI:SS'),'286');
Insert into DBLAB13.ZEIT (ANGESTELLTER_ID,SCHAECHTE_ID,ZEIT_AUSGANG,ZEIT_EINGANG,ID) values ('2','243',to_timestamp('03.01.2014 22:17:28','DD.MM.YYYY HH24:MI:SS'),to_timestamp('03.01.2014 22:17:24','DD.MM.YYYY HH24:MI:SS'),'287');
Insert into DBLAB13.ZEIT (ANGESTELLTER_ID,SCHAECHTE_ID,ZEIT_AUSGANG,ZEIT_EINGANG,ID) values ('4','243',null,to_timestamp('03.01.2014 22:17:31','DD.MM.YYYY HH24:MI:SS'),'288');
Insert into DBLAB13.ZEIT (ANGESTELLTER_ID,SCHAECHTE_ID,ZEIT_AUSGANG,ZEIT_EINGANG,ID) values ('2','243',to_timestamp('03.01.2014 20:21:24','DD.MM.YYYY HH24:MI:SS'),to_timestamp('02.01.2014 09:21:02','DD.MM.YYYY HH24:MI:SS'),'145');
Insert into DBLAB13.ZEIT (ANGESTELLTER_ID,SCHAECHTE_ID,ZEIT_AUSGANG,ZEIT_EINGANG,ID) values ('11','243',to_timestamp('03.01.2014 20:21:25','DD.MM.YYYY HH24:MI:SS'),to_timestamp('03.01.2014 12:21:03','DD.MM.YYYY HH24:MI:SS'),'146');
Insert into DBLAB13.ZEIT (ANGESTELLTER_ID,SCHAECHTE_ID,ZEIT_AUSGANG,ZEIT_EINGANG,ID) values ('2','243',to_timestamp('03.01.2014 20:20:56','DD.MM.YYYY HH24:MI:SS'),to_timestamp('03.01.2014 20:20:52','DD.MM.YYYY HH24:MI:SS'),'143');
Insert into DBLAB13.ZEIT (ANGESTELLTER_ID,SCHAECHTE_ID,ZEIT_AUSGANG,ZEIT_EINGANG,ID) values ('11','243',to_timestamp('03.01.2014 20:21:01','DD.MM.YYYY HH24:MI:SS'),to_timestamp('03.01.2014 20:20:54','DD.MM.YYYY HH24:MI:SS'),'144');
Insert into DBLAB13.ZEIT (ANGESTELLTER_ID,SCHAECHTE_ID,ZEIT_AUSGANG,ZEIT_EINGANG,ID) values ('3','244',to_timestamp('03.01.2014 20:25:02','DD.MM.YYYY HH24:MI:SS'),to_timestamp('03.01.2014 20:21:12','DD.MM.YYYY HH24:MI:SS'),'147');
Insert into DBLAB13.ZEIT (ANGESTELLTER_ID,SCHAECHTE_ID,ZEIT_AUSGANG,ZEIT_EINGANG,ID) values ('3','244',to_timestamp('03.01.2014 20:26:56','DD.MM.YYYY HH24:MI:SS'),to_timestamp('03.01.2014 20:25:16','DD.MM.YYYY HH24:MI:SS'),'163');
Insert into DBLAB13.ZEIT (ANGESTELLTER_ID,SCHAECHTE_ID,ZEIT_AUSGANG,ZEIT_EINGANG,ID) values ('2','243',to_timestamp('03.01.2014 21:01:47','DD.MM.YYYY HH24:MI:SS'),to_timestamp('03.01.2014 21:01:46','DD.MM.YYYY HH24:MI:SS'),'203');
Insert into DBLAB13.ZEIT (ANGESTELLTER_ID,SCHAECHTE_ID,ZEIT_AUSGANG,ZEIT_EINGANG,ID) values ('2','243',to_timestamp('03.01.2014 20:49:51','DD.MM.YYYY HH24:MI:SS'),to_timestamp('03.01.2014 20:41:06','DD.MM.YYYY HH24:MI:SS'),'183');
Insert into DBLAB13.ZEIT (ANGESTELLTER_ID,SCHAECHTE_ID,ZEIT_AUSGANG,ZEIT_EINGANG,ID) values ('2','243',to_timestamp('03.01.2014 21:06:10','DD.MM.YYYY HH24:MI:SS'),to_timestamp('03.01.2014 21:06:01','DD.MM.YYYY HH24:MI:SS'),'223');
Insert into DBLAB13.ZEIT (ANGESTELLTER_ID,SCHAECHTE_ID,ZEIT_AUSGANG,ZEIT_EINGANG,ID) values ('2','243',to_timestamp('03.01.2014 22:16:02','DD.MM.YYYY HH24:MI:SS'),to_timestamp('03.01.2014 21:12:07','DD.MM.YYYY HH24:MI:SS'),'243');
Insert into DBLAB13.ZEIT (ANGESTELLTER_ID,SCHAECHTE_ID,ZEIT_AUSGANG,ZEIT_EINGANG,ID) values ('11','243',to_timestamp('03.01.2014 18:50:15','DD.MM.YYYY HH24:MI:SS'),to_timestamp('03.01.2014 18:38:32','DD.MM.YYYY HH24:MI:SS'),'105');
Insert into DBLAB13.ZEIT (ANGESTELLTER_ID,SCHAECHTE_ID,ZEIT_AUSGANG,ZEIT_EINGANG,ID) values ('3','243',to_timestamp('03.01.2014 18:51:55','DD.MM.YYYY HH24:MI:SS'),to_timestamp('03.01.2014 18:38:32','DD.MM.YYYY HH24:MI:SS'),'106');
Insert into DBLAB13.ZEIT (ANGESTELLTER_ID,SCHAECHTE_ID,ZEIT_AUSGANG,ZEIT_EINGANG,ID) values ('2','243',to_timestamp('03.01.2014 18:10:31','DD.MM.YYYY HH24:MI:SS'),to_timestamp('03.01.2014 18:07:09','DD.MM.YYYY HH24:MI:SS'),'84');
Insert into DBLAB13.ZEIT (ANGESTELLTER_ID,SCHAECHTE_ID,ZEIT_AUSGANG,ZEIT_EINGANG,ID) values ('11','243',to_timestamp('03.01.2014 18:10:36','DD.MM.YYYY HH24:MI:SS'),to_timestamp('03.01.2014 18:07:09','DD.MM.YYYY HH24:MI:SS'),'85');
Insert into DBLAB13.ZEIT (ANGESTELLTER_ID,SCHAECHTE_ID,ZEIT_AUSGANG,ZEIT_EINGANG,ID) values ('3','243',to_timestamp('03.01.2014 18:10:38','DD.MM.YYYY HH24:MI:SS'),to_timestamp('03.01.2014 18:07:10','DD.MM.YYYY HH24:MI:SS'),'86');
Insert into DBLAB13.ZEIT (ANGESTELLTER_ID,SCHAECHTE_ID,ZEIT_AUSGANG,ZEIT_EINGANG,ID) values ('2','243',to_timestamp('03.01.2014 18:38:22','DD.MM.YYYY HH24:MI:SS'),to_timestamp('03.02.2014 18:38:20','DD.MM.YYYY HH24:MI:SS'),'103');
REM INSERTING into DBLAB13.ZULASSUNG
SET DEFINE OFF;
Insert into DBLAB13.ZULASSUNG (ANGESTELLTE_ID,SCHAECHTE_ID) values ('2','243');
Insert into DBLAB13.ZULASSUNG (ANGESTELLTE_ID,SCHAECHTE_ID) values ('2','244');
Insert into DBLAB13.ZULASSUNG (ANGESTELLTE_ID,SCHAECHTE_ID) values ('2','245');
Insert into DBLAB13.ZULASSUNG (ANGESTELLTE_ID,SCHAECHTE_ID) values ('2','246');
Insert into DBLAB13.ZULASSUNG (ANGESTELLTE_ID,SCHAECHTE_ID) values ('2','247');
Insert into DBLAB13.ZULASSUNG (ANGESTELLTE_ID,SCHAECHTE_ID) values ('2','248');
Insert into DBLAB13.ZULASSUNG (ANGESTELLTE_ID,SCHAECHTE_ID) values ('2','249');
Insert into DBLAB13.ZULASSUNG (ANGESTELLTE_ID,SCHAECHTE_ID) values ('3','1');
Insert into DBLAB13.ZULASSUNG (ANGESTELLTE_ID,SCHAECHTE_ID) values ('3','2');
Insert into DBLAB13.ZULASSUNG (ANGESTELLTE_ID,SCHAECHTE_ID) values ('3','3');
Insert into DBLAB13.ZULASSUNG (ANGESTELLTE_ID,SCHAECHTE_ID) values ('3','243');
Insert into DBLAB13.ZULASSUNG (ANGESTELLTE_ID,SCHAECHTE_ID) values ('3','244');
Insert into DBLAB13.ZULASSUNG (ANGESTELLTE_ID,SCHAECHTE_ID) values ('3','245');
Insert into DBLAB13.ZULASSUNG (ANGESTELLTE_ID,SCHAECHTE_ID) values ('4','243');
Insert into DBLAB13.ZULASSUNG (ANGESTELLTE_ID,SCHAECHTE_ID) values ('4','244');
Insert into DBLAB13.ZULASSUNG (ANGESTELLTE_ID,SCHAECHTE_ID) values ('4','245');
Insert into DBLAB13.ZULASSUNG (ANGESTELLTE_ID,SCHAECHTE_ID) values ('4','246');
Insert into DBLAB13.ZULASSUNG (ANGESTELLTE_ID,SCHAECHTE_ID) values ('4','247');
Insert into DBLAB13.ZULASSUNG (ANGESTELLTE_ID,SCHAECHTE_ID) values ('4','254');
Insert into DBLAB13.ZULASSUNG (ANGESTELLTE_ID,SCHAECHTE_ID) values ('4','255');
Insert into DBLAB13.ZULASSUNG (ANGESTELLTE_ID,SCHAECHTE_ID) values ('4','256');
Insert into DBLAB13.ZULASSUNG (ANGESTELLTE_ID,SCHAECHTE_ID) values ('11','1');
Insert into DBLAB13.ZULASSUNG (ANGESTELLTE_ID,SCHAECHTE_ID) values ('11','2');
Insert into DBLAB13.ZULASSUNG (ANGESTELLTE_ID,SCHAECHTE_ID) values ('11','3');
Insert into DBLAB13.ZULASSUNG (ANGESTELLTE_ID,SCHAECHTE_ID) values ('11','4');
Insert into DBLAB13.ZULASSUNG (ANGESTELLTE_ID,SCHAECHTE_ID) values ('11','5');
Insert into DBLAB13.ZULASSUNG (ANGESTELLTE_ID,SCHAECHTE_ID) values ('11','6');
Insert into DBLAB13.ZULASSUNG (ANGESTELLTE_ID,SCHAECHTE_ID) values ('11','243');
--------------------------------------------------------
--  DDL for Index ANGESTELLTE_PK
--------------------------------------------------------

  CREATE UNIQUE INDEX "DBLAB13"."ANGESTELLTE_PK" ON "DBLAB13"."ANGESTELLTE" ("ID") 
  PCTFREE 10 INITRANS 2 MAXTRANS 255 COMPUTE STATISTICS 
  STORAGE(INITIAL 65536 NEXT 1048576 MINEXTENTS 1 MAXEXTENTS 2147483645
  PCTINCREASE 0 FREELISTS 1 FREELIST GROUPS 1 BUFFER_POOL DEFAULT FLASH_CACHE DEFAULT CELL_FLASH_CACHE DEFAULT)
  TABLESPACE "USERS" ;
--------------------------------------------------------
--  DDL for Index SCHAECHTE_PK
--------------------------------------------------------

  CREATE UNIQUE INDEX "DBLAB13"."SCHAECHTE_PK" ON "DBLAB13"."SCHAECHTE" ("ID") 
  PCTFREE 10 INITRANS 2 MAXTRANS 255 COMPUTE STATISTICS 
  STORAGE(INITIAL 65536 NEXT 1048576 MINEXTENTS 1 MAXEXTENTS 2147483645
  PCTINCREASE 0 FREELISTS 1 FREELIST GROUPS 1 BUFFER_POOL DEFAULT FLASH_CACHE DEFAULT CELL_FLASH_CACHE DEFAULT)
  TABLESPACE "USERS" ;
--------------------------------------------------------
--  DDL for Index ZEIT_PK
--------------------------------------------------------

  CREATE UNIQUE INDEX "DBLAB13"."ZEIT_PK" ON "DBLAB13"."ZEIT" ("ID") 
  PCTFREE 10 INITRANS 2 MAXTRANS 255 COMPUTE STATISTICS 
  STORAGE(INITIAL 65536 NEXT 1048576 MINEXTENTS 1 MAXEXTENTS 2147483645
  PCTINCREASE 0 FREELISTS 1 FREELIST GROUPS 1 BUFFER_POOL DEFAULT FLASH_CACHE DEFAULT CELL_FLASH_CACHE DEFAULT)
  TABLESPACE "USERS" ;
--------------------------------------------------------
--  DDL for Index ZULASSUNG_PK
--------------------------------------------------------

  CREATE UNIQUE INDEX "DBLAB13"."ZULASSUNG_PK" ON "DBLAB13"."ZULASSUNG" ("ANGESTELLTE_ID", "SCHAECHTE_ID") 
  PCTFREE 10 INITRANS 2 MAXTRANS 255 COMPUTE STATISTICS 
  STORAGE(INITIAL 65536 NEXT 1048576 MINEXTENTS 1 MAXEXTENTS 2147483645
  PCTINCREASE 0 FREELISTS 1 FREELIST GROUPS 1 BUFFER_POOL DEFAULT FLASH_CACHE DEFAULT CELL_FLASH_CACHE DEFAULT)
  TABLESPACE "USERS" ;
--------------------------------------------------------
--  Constraints for Table ANGESTELLTE
--------------------------------------------------------

  ALTER TABLE "DBLAB13"."ANGESTELLTE" ADD PRIMARY KEY ("ID")
  USING INDEX PCTFREE 10 INITRANS 2 MAXTRANS 255 COMPUTE STATISTICS 
  STORAGE(INITIAL 65536 NEXT 1048576 MINEXTENTS 1 MAXEXTENTS 2147483645
  PCTINCREASE 0 FREELISTS 1 FREELIST GROUPS 1 BUFFER_POOL DEFAULT FLASH_CACHE DEFAULT CELL_FLASH_CACHE DEFAULT)
  TABLESPACE "USERS"  ENABLE;
  ALTER TABLE "DBLAB13"."ANGESTELLTE" MODIFY ("ID" NOT NULL ENABLE);
  ALTER TABLE "DBLAB13"."ANGESTELLTE" MODIFY ("GEBURTSDATUM" NOT NULL ENABLE);
  ALTER TABLE "DBLAB13"."ANGESTELLTE" MODIFY ("ENTLASSENE" NOT NULL ENABLE);
  ALTER TABLE "DBLAB13"."ANGESTELLTE" MODIFY ("NACHNAME" NOT NULL ENABLE);
  ALTER TABLE "DBLAB13"."ANGESTELLTE" MODIFY ("NAME" NOT NULL ENABLE);
--------------------------------------------------------
--  Constraints for Table SCHAECHTE
--------------------------------------------------------

  ALTER TABLE "DBLAB13"."SCHAECHTE" ADD PRIMARY KEY ("ID")
  USING INDEX PCTFREE 10 INITRANS 2 MAXTRANS 255 COMPUTE STATISTICS 
  STORAGE(INITIAL 65536 NEXT 1048576 MINEXTENTS 1 MAXEXTENTS 2147483645
  PCTINCREASE 0 FREELISTS 1 FREELIST GROUPS 1 BUFFER_POOL DEFAULT FLASH_CACHE DEFAULT CELL_FLASH_CACHE DEFAULT)
  TABLESPACE "USERS"  ENABLE;
  ALTER TABLE "DBLAB13"."SCHAECHTE" MODIFY ("NAME" NOT NULL ENABLE);
  ALTER TABLE "DBLAB13"."SCHAECHTE" MODIFY ("ID" NOT NULL ENABLE);
  ALTER TABLE "DBLAB13"."SCHAECHTE" MODIFY ("GESCHLOSSEN" NOT NULL ENABLE);
--------------------------------------------------------
--  Constraints for Table ZEIT
--------------------------------------------------------

  ALTER TABLE "DBLAB13"."ZEIT" MODIFY ("ID" NOT NULL ENABLE);
  ALTER TABLE "DBLAB13"."ZEIT" ADD CONSTRAINT "ZEIT_PK" PRIMARY KEY ("ID")
  USING INDEX PCTFREE 10 INITRANS 2 MAXTRANS 255 COMPUTE STATISTICS 
  STORAGE(INITIAL 65536 NEXT 1048576 MINEXTENTS 1 MAXEXTENTS 2147483645
  PCTINCREASE 0 FREELISTS 1 FREELIST GROUPS 1 BUFFER_POOL DEFAULT FLASH_CACHE DEFAULT CELL_FLASH_CACHE DEFAULT)
  TABLESPACE "USERS"  ENABLE;
  ALTER TABLE "DBLAB13"."ZEIT" MODIFY ("ANGESTELLTER_ID" NOT NULL ENABLE);
  ALTER TABLE "DBLAB13"."ZEIT" MODIFY ("SCHAECHTE_ID" NOT NULL ENABLE);
  ALTER TABLE "DBLAB13"."ZEIT" MODIFY ("ZEIT_EINGANG" NOT NULL ENABLE);
--------------------------------------------------------
--  Constraints for Table ZULASSUNG
--------------------------------------------------------

  ALTER TABLE "DBLAB13"."ZULASSUNG" ADD PRIMARY KEY ("ANGESTELLTE_ID", "SCHAECHTE_ID")
  USING INDEX PCTFREE 10 INITRANS 2 MAXTRANS 255 COMPUTE STATISTICS 
  STORAGE(INITIAL 65536 NEXT 1048576 MINEXTENTS 1 MAXEXTENTS 2147483645
  PCTINCREASE 0 FREELISTS 1 FREELIST GROUPS 1 BUFFER_POOL DEFAULT FLASH_CACHE DEFAULT CELL_FLASH_CACHE DEFAULT)
  TABLESPACE "USERS"  ENABLE;
  ALTER TABLE "DBLAB13"."ZULASSUNG" MODIFY ("SCHAECHTE_ID" NOT NULL ENABLE);
  ALTER TABLE "DBLAB13"."ZULASSUNG" MODIFY ("ANGESTELLTE_ID" NOT NULL ENABLE);
--------------------------------------------------------
--  Ref Constraints for Table SCHAECHTE
--------------------------------------------------------

  ALTER TABLE "DBLAB13"."SCHAECHTE" ADD CONSTRAINT "SCHAECHTE_FK" FOREIGN KEY ("LEITER_ID")
	  REFERENCES "DBLAB13"."ANGESTELLTE" ("ID") ON DELETE SET NULL ENABLE;
--------------------------------------------------------
--  Ref Constraints for Table ZEIT
--------------------------------------------------------

  ALTER TABLE "DBLAB13"."ZEIT" ADD CONSTRAINT "SYS_C007385" FOREIGN KEY ("ANGESTELLTER_ID")
	  REFERENCES "DBLAB13"."ANGESTELLTE" ("ID") ON DELETE CASCADE ENABLE;
  ALTER TABLE "DBLAB13"."ZEIT" ADD CONSTRAINT "SYS_C007386" FOREIGN KEY ("SCHAECHTE_ID")
	  REFERENCES "DBLAB13"."SCHAECHTE" ("ID") ON DELETE CASCADE ENABLE;
--------------------------------------------------------
--  Ref Constraints for Table ZULASSUNG
--------------------------------------------------------

  ALTER TABLE "DBLAB13"."ZULASSUNG" ADD CONSTRAINT "SYS_C007387" FOREIGN KEY ("ANGESTELLTE_ID")
	  REFERENCES "DBLAB13"."ANGESTELLTE" ("ID") ON DELETE CASCADE ENABLE;
  ALTER TABLE "DBLAB13"."ZULASSUNG" ADD CONSTRAINT "SYS_C007388" FOREIGN KEY ("SCHAECHTE_ID")
	  REFERENCES "DBLAB13"."SCHAECHTE" ("ID") ON DELETE CASCADE ENABLE;
--------------------------------------------------------
--  DDL for Trigger ANGESTELLTE_TRG
--------------------------------------------------------

  CREATE OR REPLACE TRIGGER "DBLAB13"."ANGESTELLTE_TRG" 
BEFORE INSERT ON ANGESTELLTE 
FOR EACH ROW 
BEGIN
  <<COLUMN_SEQUENCES>>
  BEGIN
    IF INSERTING AND :NEW.ID IS NULL THEN
      SELECT PK_ANGESTELLTE.NEXTVAL INTO :NEW.ID FROM SYS.DUAL;
    END IF;
  END COLUMN_SEQUENCES;
END;
/
ALTER TRIGGER "DBLAB13"."ANGESTELLTE_TRG" ENABLE;
--------------------------------------------------------
--  DDL for Trigger SCHAECHTE_TRG
--------------------------------------------------------

  CREATE OR REPLACE TRIGGER "DBLAB13"."SCHAECHTE_TRG" 
BEFORE INSERT ON SCHAECHTE 
FOR EACH ROW 
BEGIN
  <<COLUMN_SEQUENCES>>
  BEGIN
    IF INSERTING AND :NEW.ID IS NULL THEN
      SELECT PK_SCHAECHTE.NEXTVAL INTO :NEW.ID FROM SYS.DUAL;
    END IF;
  END COLUMN_SEQUENCES;
END;
/
ALTER TRIGGER "DBLAB13"."SCHAECHTE_TRG" ENABLE;
--------------------------------------------------------
--  DDL for Trigger ZEIT_TRG
--------------------------------------------------------

  CREATE OR REPLACE TRIGGER "DBLAB13"."ZEIT_TRG" 
BEFORE INSERT ON ZEIT 
FOR EACH ROW 
BEGIN
  <<COLUMN_SEQUENCES>>
  BEGIN
    IF INSERTING AND :NEW.ID IS NULL THEN
      SELECT PK_ZEIT.NEXTVAL INTO :NEW.ID FROM SYS.DUAL;
    END IF;
  END COLUMN_SEQUENCES;
END;
/
ALTER TRIGGER "DBLAB13"."ZEIT_TRG" ENABLE;
--------------------------------------------------------
--  DDL for Trigger ZULASSUNG_TRG
--------------------------------------------------------

  CREATE OR REPLACE TRIGGER "DBLAB13"."ZULASSUNG_TRG" 
BEFORE INSERT ON ZULASSUNG 
FOR EACH ROW 
BEGIN
  <<COLUMN_SEQUENCES>>
  BEGIN
    IF INSERTING AND :NEW.ANGESTELLTE_ID IS NULL THEN
      SELECT PK_ZULASSUNG.NEXTVAL INTO :NEW.ANGESTELLTE_ID FROM SYS.DUAL;
    END IF;
  END COLUMN_SEQUENCES;
END;
/
ALTER TRIGGER "DBLAB13"."ZULASSUNG_TRG" ENABLE;
